{
  "info": {
    "name": "CRM Backend",
    "_postman_id": "crm-collection",
    "schema": "https://schema.getpostman.com/json/collection/v2.1.0/collection.json"
  },
  "item": [
    {
      "name": "Auth / Login",
      "request": {
        "method": "POST",
        "header": [
          {
            "key": "Content-Type",
            "value": "application/json"
          }
        ],
        "url": {
          "raw": "{{baseUrl}}/auth/login",
          "host": [
            "{{baseUrl}}"
          ],
          "path": [
            "auth",
            "login"
          ]
        },
        "body": {
          "mode": "raw",
          "raw": "{\"email\": \"{{email}}\", \"password\": \"{{password}}\"}"
        }
      },
      "event": [
        {
          "listen": "test",
          "script": {
            "type": "text/javascript",
            "exec": [
              "pm.test('Status 200', ()=> pm.response.code===200);",
              "const data = pm.response.json();",
              "pm.environment.set('accessToken', data.access_token);"
            ]
          }
        }
      ]
    },
    {
      "name": "Customers (list)",
      "request": {
        "method": "GET",
        "header": [
          {
            "key": "Authorization",
            "value": "Bearer {{accessToken}}"
          }
        ],
        "url": {
          "raw": "{{baseUrl}}/customers",
          "host": [
            "{{baseUrl}}"
          ],
          "path": [
            "customers"
          ]
        }
      }
    },
    {
      "name": "Customers (create)",
      "request": {
        "method": "POST",
        "header": [
          {
            "key": "Content-Type",
            "value": "application/json"
          },
          {
            "key": "Authorization",
            "value": "Bearer {{accessToken}}"
          }
        ],
        "url": {
          "raw": "{{baseUrl}}/customers",
          "host": [
            "{{baseUrl}}"
          ],
          "path": [
            "customers"
          ]
        },
        "body": {
          "mode": "raw",
          "raw": "{\"name\": \"Mario Rossi\", \"email\": \"mario@example.com\"}"
        }
      }
    }
  ]
}